Indicator,Indicator_Measure,Geography,Geo_Label,GEO_Code,Age_Groups,Sex,Year,Numerator,Denominator,CrudeRate,StdErr_Cr,Lower_CI_Cr,Upper_CI_Cr,CV_Cr,ASR,StdErr_ASR,Lower_CI_ASR,Upper_CI_ASR,CV_ASR
Obesity,Prevalence (%) of obesity (self-reported),province/territory,CANADA,0,youth aged 12-17 years,both sexes,2015-2017,141477.12,1829346.52,7.7,0.4484,6.9,8.6,5.8,,,,,
Obesity,Prevalence (%) of obesity (self-reported),province/territory,NEWFOUNDLAND AND LABRADOR,10,youth aged 12-17 years,both sexes,2015-2017,2720.87,26546.17,10.2,2.0471,6.2,14.3,20,,,,,
Obesity,Prevalence (%) of obesity (self-reported),province/territory,PRINCE EDWARD ISLAND,11,youth aged 12-17 years,both sexes,2015-2017,,,,,,,33.1,,,,,
Obesity,Prevalence (%) of obesity (self-reported),province/territory,NOVA SCOTIA,12,youth aged 12-17 years,both sexes,2015-2017,5506.42,50286.07,11,1.7959,7.4,14.5,16.4,,,,,
Obesity,Prevalence (%) of obesity (self-reported),province/territory,NEW BRUNSWICK,13,youth aged 12-17 years,both sexes,2015-2017,4619.73,38652.29,12,2.5797,6.9,17,21.6,,,,,
Obesity,Prevalence (%) of obesity (self-reported),province/territory,QUEBEC,24,youth aged 12-17 years,both sexes,2015-2017,29469.12,405715.4,7.3,0.8044,5.7,8.8,11.1,,,,,
Obesity,Prevalence (%) of obesity (self-reported),province/territory,ONTARIO,35,youth aged 12-17 years,both sexes,2015-2017,52021.61,708519.25,7.3,0.8269,5.7,9,11.3,,,,,
Obesity,Prevalence (%) of obesity (self-reported),province/territory,MANITOBA,46,youth aged 12-17 years,both sexes,2015-2017,7588.53,73976.49,10.3,1.7672,6.8,13.7,17.2,,,,,
Obesity,Prevalence (%) of obesity (self-reported),province/territory,SASKATCHEWAN,47,youth aged 12-17 years,both sexes,2015-2017,4440.27,58565.59,7.6,1.5482,4.5,10.6,20.4,,,,,
Obesity,Prevalence (%) of obesity (self-reported),province/territory,ALBERTA,48,youth aged 12-17 years,both sexes,2015-2017,15914.79,224507.46,7.1,1.1230,4.9,9.3,15.8,,,,,
Obesity,Prevalence (%) of obesity (self-reported),province/territory,BRITISH COLUMBIA,59,youth aged 12-17 years,both sexes,2015-2017,17633.19,227566.9,7.7,1.3177,5.2,10.3,17,,,,,
Obesity,Prevalence (%) of obesity (self-reported),province/territory,YUKON,60,youth aged 12-17 years,both sexes,2015-2017,211.62,1883.81,11.2,3.4338,4.5,18,30.6,,,,,
Obesity,Prevalence (%) of obesity (self-reported),province/territory,NORTHWEST TERRITORIES,61,youth aged 12-17 years,both sexes,2015-2017,255.05,1972.78,12.9,4.0588,5,20.9,31.4,,,,,
Obesity,Prevalence (%) of obesity (self-reported),province/territory,NUNAVUT,62,youth aged 12-17 years,both sexes,2015-2017,639.72,2424.87,26.4,8.0706,10.5,42.2,30.6,,,,,
Obesity,Prevalence (%) of obesity (self-reported),province/territory,CANADA,0,youth aged 12-17 years,males,2015-2017,97382.42,940046.58,10.4,0.7292,8.9,11.8,7,,,,,
Obesity,Prevalence (%) of obesity (self-reported),province/territory,NEWFOUNDLAND AND LABRADOR,10,youth aged 12-17 years,males,2015-2017,1540.02,14160.35,10.9,2.9105,5.2,16.6,26.8,,,,,
Obesity,Prevalence (%) of obesity (self-reported),province/territory,PRINCE EDWARD ISLAND,11,youth aged 12-17 years,males,2015-2017,,,,,,,46.7,,,,,
Obesity,Prevalence (%) of obesity (self-reported),province/territory,NOVA SCOTIA,12,youth aged 12-17 years,males,2015-2017,4093.45,26536.1,15.4,3.0777,9.4,21.5,20,,,,,
Obesity,Prevalence (%) of obesity (self-reported),province/territory,NEW BRUNSWICK,13,youth aged 12-17 years,males,2015-2017,2597.58,19748.62,13.2,3.3294,6.6,19.7,25.3,,,,,
Obesity,Prevalence (%) of obesity (self-reported),province/territory,QUEBEC,24,youth aged 12-17 years,males,2015-2017,19961.04,213371.84,9.4,1.3102,6.8,11.9,14,,,,,
Obesity,Prevalence (%) of obesity (self-reported),province/territory,ONTARIO,35,youth aged 12-17 years,males,2015-2017,37133.36,362670.11,10.2,1.3469,7.6,12.9,13.2,,,,,
Obesity,Prevalence (%) of obesity (self-reported),province/territory,MANITOBA,46,youth aged 12-17 years,males,2015-2017,5675.85,40022.56,14.2,2.8972,8.5,19.9,20.4,,,,,
Obesity,Prevalence (%) of obesity (self-reported),province/territory,SASKATCHEWAN,47,youth aged 12-17 years,males,2015-2017,3679.36,29483.72,12.5,2.8540,6.9,18.1,22.9,,,,,
Obesity,Prevalence (%) of obesity (self-reported),province/territory,ALBERTA,48,youth aged 12-17 years,males,2015-2017,9149.72,112864.64,8.1,1.6468,4.9,11.3,20.3,,,,,
Obesity,Prevalence (%) of obesity (self-reported),province/territory,BRITISH COLUMBIA,59,youth aged 12-17 years,males,2015-2017,12614.42,113267.4,11.1,2.4066,6.4,15.9,21.6,,,,,
Obesity,Prevalence (%) of obesity (self-reported),province/territory,YUKON,60,youth aged 12-17 years,males,2015-2017,,,,,,,54.3,,,,,
Obesity,Prevalence (%) of obesity (self-reported),province/territory,NORTHWEST TERRITORIES,61,youth aged 12-17 years,males,2015-2017,,,,,,,45.8,,,,,
Obesity,Prevalence (%) of obesity (self-reported),province/territory,NUNAVUT,62,youth aged 12-17 years,males,2015-2017,541.15,1439.15,37.6,12.3595,13.3,61.9,32.9,,,,,
Obesity,Prevalence (%) of obesity (self-reported),province/territory,CANADA,0,youth aged 12-17 years,females,2015-2017,44094.7,889299.94,5,0.4948,4,5.9,10,,,,,
Obesity,Prevalence (%) of obesity (self-reported),province/territory,NEWFOUNDLAND AND LABRADOR,10,youth aged 12-17 years,females,2015-2017,1180.85,12385.82,9.5,3.0118,3.6,15.4,31.6,,,,,
Obesity,Prevalence (%) of obesity (self-reported),province/territory,PRINCE EDWARD ISLAND,11,youth aged 12-17 years,females,2015-2017,,,,,,,44.9,,,,,
Obesity,Prevalence (%) of obesity (self-reported),province/territory,NOVA SCOTIA,12,youth aged 12-17 years,females,2015-2017,1412.97,23749.97,5.9,1.7419,2.5,9.4,29.3,,,,,
Obesity,Prevalence (%) of obesity (self-reported),province/territory,NEW BRUNSWICK,13,youth aged 12-17 years,females,2015-2017,,,,,,,36,,,,,
Obesity,Prevalence (%) of obesity (self-reported),province/territory,QUEBEC,24,youth aged 12-17 years,females,2015-2017,9508.08,192343.56,4.9,0.8946,3.2,6.7,18.1,,,,,
Obesity,Prevalence (%) of obesity (self-reported),province/territory,ONTARIO,35,youth aged 12-17 years,females,2015-2017,14888.25,345849.14,4.3,0.8980,2.5,6.1,20.9,,,,,
Obesity,Prevalence (%) of obesity (self-reported),province/territory,MANITOBA,46,youth aged 12-17 years,females,2015-2017,1912.68,33953.93,5.6,1.8526,2,9.3,32.9,,,,,
Obesity,Prevalence (%) of obesity (self-reported),province/territory,SASKATCHEWAN,47,youth aged 12-17 years,females,2015-2017,,,,,,,44.3,,,,,
Obesity,Prevalence (%) of obesity (self-reported),province/territory,ALBERTA,48,youth aged 12-17 years,females,2015-2017,6765.07,111642.82,6.1,1.5725,3,9.1,26,,,,,
Obesity,Prevalence (%) of obesity (self-reported),province/territory,BRITISH COLUMBIA,59,youth aged 12-17 years,females,2015-2017,5018.77,114299.5,4.4,1.2241,2,6.8,27.9,,,,,
Obesity,Prevalence (%) of obesity (self-reported),province/territory,YUKON,60,youth aged 12-17 years,females,2015-2017,,,,,,,37.5,,,,,
Obesity,Prevalence (%) of obesity (self-reported),province/territory,NORTHWEST TERRITORIES,61,youth aged 12-17 years,females,2015-2017,,,,,,,41.2,,,,,
Obesity,Prevalence (%) of obesity (self-reported),province/territory,NUNAVUT,62,youth aged 12-17 years,females,2015-2017,,,,,,,96.4,,,,,
Obesity,Prevalence (%) of obesity (self-reported),Health Regions,CANADA,0,youth aged 12-17 years,both sexes,2015-2017,141477,1829346,7.7,0.4484,6.9,8.6,5.8,,,,,
Obesity,Prevalence (%) of obesity (self-reported),Health Regions,Eastern Regional,1011,youth aged 12-17 years,both sexes,2015-2017,1690,16176,10.4,2.5072,5.5,15.4,24,,,,,
Obesity,Prevalence (%) of obesity (self-reported),Health Regions,Central Regional,1012,youth aged 12-17 years,both sexes,2015-2017,789,4743,16.6,4.2773,8.3,25,25.7,,,,,
Obesity,Prevalence (%) of obesity (self-reported),Health Regions,Western Regional,1013,youth aged 12-17 years,both sexes,2015-2017,726,3919,18.5,5.0040,8.7,28.4,27,,,,,
Obesity,Prevalence (%) of obesity (self-reported),Health Regions,Labrador-Grenfell Regional,1014,youth aged 12-17 years,both sexes,2015-2017,,,,,,,38.8,,,,,
Obesity,Prevalence (%) of obesity (self-reported),Health Regions,Prince Edward Island,1100,youth aged 12-17 years,both sexes,2015-2017,572,8236,6.9,1.6952,3.6,10.3,24.4,,,,,
Obesity,Prevalence (%) of obesity (self-reported),Health Regions,Zone 1 - Western,1201,youth aged 12-17 years,both sexes,2015-2017,991,9765,10.2,2.8470,4.6,15.7,28,,,,,
Obesity,Prevalence (%) of obesity (self-reported),Health Regions,Zone 2 - Northern,1202,youth aged 12-17 years,both sexes,2015-2017,1123,8288,13.5,3.6789,6.3,20.8,27.2,,,,,
Obesity,Prevalence (%) of obesity (self-reported),Health Regions,Zone 3 - Eastern,1203,youth aged 12-17 years,both sexes,2015-2017,1699,7937,21.4,5.2031,11.2,31.6,24.3,,,,,
Obesity,Prevalence (%) of obesity (self-reported),Health Regions,Zone 4 - Central,1204,youth aged 12-17 years,both sexes,2015-2017,1769,22763,7.8,2.1386,3.6,12,27.5,,,,,
Obesity,Prevalence (%) of obesity (self-reported),Health Regions,Zone 1 (Moncton area),1301,youth aged 12-17 years,both sexes,2015-2017,,,,,,,39.7,,,,,
Obesity,Prevalence (%) of obesity (self-reported),Health Regions,Zone 2 (Saint John area),1302,youth aged 12-17 years,both sexes,2015-2017,,,,,,,29.3,,,,,
Obesity,Prevalence (%) of obesity (self-reported),Health Regions,Zone 3 (Fredericton area),1303,youth aged 12-17 years,both sexes,2015-2017,,,,,,,41.3,,,,,
Obesity,Prevalence (%) of obesity (self-reported),Health Regions,Zone 4 (Edmundston area),1304,youth aged 12-17 years,both sexes,2015-2017,,,,,,,57.6,,,,,
Obesity,Prevalence (%) of obesity (self-reported),Health Regions,Zone 5 (Campbellton area),1305,youth aged 12-17 years,both sexes,2015-2017,,,,,,,42.6,,,,,
Obesity,Prevalence (%) of obesity (self-reported),Health Regions,Zone 6 (Bathurst area),1306,youth aged 12-17 years,both sexes,2015-2017,,,,,,,54.1,,,,,
Obesity,Prevalence (%) of obesity (self-reported),Health Regions,Zone 7 (Miramichi area),1307,youth aged 12-17 years,both sexes,2015-2017,,,,,,,46.3,,,,,
Obesity,Prevalence (%) of obesity (self-reported),Health Regions,Bas-Saint-Laurent,2401,youth aged 12-17 years,both sexes,2015-2017,,,,,,,35.4,,,,,
Obesity,Prevalence (%) of obesity (self-reported),Health Regions,Saguenay - Lac-Saint-Jean,2402,youth aged 12-17 years,both sexes,2015-2017,,,,,,,46,,,,,
Obesity,Prevalence (%) of obesity (self-reported),Health Regions,Capitale-Nationale,2403,youth aged 12-17 years,both sexes,2015-2017,2104,31796,6.6,1.9039,2.9,10.4,28.8,,,,,
Obesity,Prevalence (%) of obesity (self-reported),Health Regions,Mauricie et du Centre-du-Québec,2404,youth aged 12-17 years,both sexes,2015-2017,2277,22740,10,3.1564,3.8,16.2,31.5,,,,,
Obesity,Prevalence (%) of obesity (self-reported),Health Regions,L'Estrie,2405,youth aged 12-17 years,both sexes,2015-2017,2304,23222,9.9,2.9406,4.2,15.7,29.6,,,,,
Obesity,Prevalence (%) of obesity (self-reported),Health Regions,Région de Montréal,2406,youth aged 12-17 years,both sexes,2015-2017,4993,80210,6.2,1.7330,2.8,9.6,27.8,,,,,
Obesity,Prevalence (%) of obesity (self-reported),Health Regions,L'Outaouais,2407,youth aged 12-17 years,both sexes,2015-2017,1248,21338,5.9,1.8950,2.1,9.6,32.4,,,,,
Obesity,Prevalence (%) of obesity (self-reported),Health Regions,L'Abitibi-Témiscamingue,2408,youth aged 12-17 years,both sexes,2015-2017,,,,,,,38.9,,,,,
Obesity,Prevalence (%) of obesity (self-reported),Health Regions,Côte-Nord,2409,youth aged 12-17 years,both sexes,2015-2017,,,,,,,48.6,,,,,
Obesity,Prevalence (%) of obesity (self-reported),Health Regions,Nord-du-Québec,2410,youth aged 12-17 years,both sexes,2015-2017,,,,,,,102.9,,,,,
Obesity,Prevalence (%) of obesity (self-reported),Health Regions,Gaspésie - Îles-de-la-Madeleine,2411,youth aged 12-17 years,both sexes,2015-2017,,,,,,,41.3,,,,,
Obesity,Prevalence (%) of obesity (self-reported),Health Regions,Chaudière-Appalaches,2412,youth aged 12-17 years,both sexes,2015-2017,1510,21538,7,2.0796,2.9,11.1,29.7,,,,,
Obesity,Prevalence (%) of obesity (self-reported),Health Regions,Région de Laval,2413,youth aged 12-17 years,both sexes,2015-2017,3440,23404,14.7,3.6126,7.6,21.8,24.6,,,,,
Obesity,Prevalence (%) of obesity (self-reported),Health Regions,Région de Lanaudière,2414,youth aged 12-17 years,both sexes,2015-2017,2710,28599,9.5,2.3715,4.8,14.1,25,,,,,
Obesity,Prevalence (%) of obesity (self-reported),Health Regions,Région des Laurentides,2415,youth aged 12-17 years,both sexes,2015-2017,2529,33643,7.5,2.2534,3.1,11.9,30,,,,,
Obesity,Prevalence (%) of obesity (self-reported),Health Regions,Montérégie,2416,youth aged 12-17 years,both sexes,2015-2017,6831,74348,9.2,2.0681,5.1,13.2,22.5,,,,,
Obesity,Prevalence (%) of obesity (self-reported),Health Regions,The District of Algoma HU,3526,youth aged 12-17 years,both sexes,2015-2017,,,,,,,37.3,,,,,
Obesity,Prevalence (%) of obesity (self-reported),Health Regions,Brant County HU,3527,youth aged 12-17 years,both sexes,2015-2017,,,,,,,43.7,,,,,
Obesity,Prevalence (%) of obesity (self-reported),Health Regions,Durham Regional HU,3530,youth aged 12-17 years,both sexes,2015-2017,,,,,,,41.4,,,,,
Obesity,Prevalence (%) of obesity (self-reported),Health Regions,Elgin-St Thomas HU,3531,youth aged 12-17 years,both sexes,2015-2017,,,,,,,48.9,,,,,
Obesity,Prevalence (%) of obesity (self-reported),Health Regions,Grey Bruce HU,3533,youth aged 12-17 years,both sexes,2015-2017,,,,,,,38.9,,,,,
Obesity,Prevalence (%) of obesity (self-reported),Health Regions,Haldimand-Norfolk HU,3534,youth aged 12-17 years,both sexes,2015-2017,,,,,,,43.9,,,,,
Obesity,Prevalence (%) of obesity (self-reported),Health Regions,"Haliburton, Kawartha, Pine Ridge District HU",3535,youth aged 12-17 years,both sexes,2015-2017,,,,,,,43.9,,,,,
Obesity,Prevalence (%) of obesity (self-reported),Health Regions,Halton Regional HU,3536,youth aged 12-17 years,both sexes,2015-2017,,,,,,,37.4,,,,,
Obesity,Prevalence (%) of obesity (self-reported),Health Regions,City of Hamilton HU,3537,youth aged 12-17 years,both sexes,2015-2017,,,,,,,43.5,,,,,
Obesity,Prevalence (%) of obesity (self-reported),Health Regions,Hastings and Prince Edward Counties HU,3538,youth aged 12-17 years,both sexes,2015-2017,,,,,,,40.9,,,,,
Obesity,Prevalence (%) of obesity (self-reported),Health Regions,Huron County HU,3539,youth aged 12-17 years,both sexes,2015-2017,,,,,,,47.4,,,,,
Obesity,Prevalence (%) of obesity (self-reported),Health Regions,Chatham-Kent HU,3540,youth aged 12-17 years,both sexes,2015-2017,,,,,,,56.2,,,,,
Obesity,Prevalence (%) of obesity (self-reported),Health Regions,"Kingston, Frontenac and Lennox and Addington HU",3541,youth aged 12-17 years,both sexes,2015-2017,,,,,,,47.9,,,,,
Obesity,Prevalence (%) of obesity (self-reported),Health Regions,Lambton HU,3542,youth aged 12-17 years,both sexes,2015-2017,,,,,,,39.8,,,,,
Obesity,Prevalence (%) of obesity (self-reported),Health Regions,"Leeds, Grenville and Lanark District HU",3543,youth aged 12-17 years,both sexes,2015-2017,,,,,,,55.6,,,,,
Obesity,Prevalence (%) of obesity (self-reported),Health Regions,Middlesex-London HU,3544,youth aged 12-17 years,both sexes,2015-2017,,,,,,,33.9,,,,,
Obesity,Prevalence (%) of obesity (self-reported),Health Regions,Niagara Regional Area HU,3546,youth aged 12-17 years,both sexes,2015-2017,,,,,,,50.1,,,,,
Obesity,Prevalence (%) of obesity (self-reported),Health Regions,North Bay Parry Sound District HU,3547,youth aged 12-17 years,both sexes,2015-2017,,,,,,,47.1,,,,,
Obesity,Prevalence (%) of obesity (self-reported),Health Regions,Northwestern HU,3549,youth aged 12-17 years,both sexes,2015-2017,,,,,,,42.8,,,,,
Obesity,Prevalence (%) of obesity (self-reported),Health Regions,City of Ottawa HU,3551,youth aged 12-17 years,both sexes,2015-2017,,,,,,,37.1,,,,,
Obesity,Prevalence (%) of obesity (self-reported),Health Regions,Oxford County HU,3552,youth aged 12-17 years,both sexes,2015-2017,,,,,,,54.8,,,,,
Obesity,Prevalence (%) of obesity (self-reported),Health Regions,Peel Regional HU,3553,youth aged 12-17 years,both sexes,2015-2017,5448,79372,6.9,1.9492,3,10.7,28.4,,,,,
Obesity,Prevalence (%) of obesity (self-reported),Health Regions,Perth District HU,3554,youth aged 12-17 years,both sexes,2015-2017,,,,,,,55.2,,,,,
Obesity,Prevalence (%) of obesity (self-reported),Health Regions,Peterborough County-City HU,3555,youth aged 12-17 years,both sexes,2015-2017,,,,,,,46.4,,,,,
Obesity,Prevalence (%) of obesity (self-reported),Health Regions,Porcupine HU,3556,youth aged 12-17 years,both sexes,2015-2017,,,,,,,36,,,,,
Obesity,Prevalence (%) of obesity (self-reported),Health Regions,Renfrew County and District HU,3557,youth aged 12-17 years,both sexes,2015-2017,,,,,,,50.5,,,,,
Obesity,Prevalence (%) of obesity (self-reported),Health Regions,Eastern Ontario HU,3558,youth aged 12-17 years,both sexes,2015-2017,,,,,,,41.1,,,,,
Obesity,Prevalence (%) of obesity (self-reported),Health Regions,Simcoe Muskoka District HU,3560,youth aged 12-17 years,both sexes,2015-2017,3998,30349,13.2,3.3990,6.5,19.8,25.8,,,,,
Obesity,Prevalence (%) of obesity (self-reported),Health Regions,Sudbury and District HU,3561,youth aged 12-17 years,both sexes,2015-2017,,,,,,,37.9,,,,,
Obesity,Prevalence (%) of obesity (self-reported),Health Regions,Thunder Bay District HU,3562,youth aged 12-17 years,both sexes,2015-2017,,,,,,,41.5,,,,,
Obesity,Prevalence (%) of obesity (self-reported),Health Regions,Timiskaming HU,3563,youth aged 12-17 years,both sexes,2015-2017,,,,,,,38,,,,,
Obesity,Prevalence (%) of obesity (self-reported),Health Regions,Waterloo HU,3565,youth aged 12-17 years,both sexes,2015-2017,,,,,,,36.4,,,,,
Obesity,Prevalence (%) of obesity (self-reported),Health Regions,Wellington-Dufferin-Guelph HU,3566,youth aged 12-17 years,both sexes,2015-2017,,,,,,,46.1,,,,,
Obesity,Prevalence (%) of obesity (self-reported),Health Regions,Windsor-Essex County HU,3568,youth aged 12-17 years,both sexes,2015-2017,,,,,,,38,,,,,
Obesity,Prevalence (%) of obesity (self-reported),Health Regions,York Regional HU,3570,youth aged 12-17 years,both sexes,2015-2017,,,,,,,54,,,,,
Obesity,Prevalence (%) of obesity (self-reported),Health Regions,City of Toronto HU,3595,youth aged 12-17 years,both sexes,2015-2017,,,,,,,41.9,,,,,
Obesity,Prevalence (%) of obesity (self-reported),Health Regions,Winnipeg RHA,4601,youth aged 12-17 years,both sexes,2015-2017,3491,41272,8.5,2.0778,4.4,12.5,24.6,,,,,
Obesity,Prevalence (%) of obesity (self-reported),Health Regions,Prairie Mountain Health,4602,youth aged 12-17 years,both sexes,2015-2017,,,,,,,36.5,,,,,
Obesity,Prevalence (%) of obesity (self-reported),Health Regions,Interlake-Eastern Regional Health,4603,youth aged 12-17 years,both sexes,2015-2017,,,,,,,46.5,,,,,
Obesity,Prevalence (%) of obesity (self-reported),Health Regions,Northern RHA,4604,youth aged 12-17 years,both sexes,2015-2017,,,,,,,39.7,,,,,
Obesity,Prevalence (%) of obesity (self-reported),Health Regions,Southern Health,4605,youth aged 12-17 years,both sexes,2015-2017,2185,13513,16.2,4.2689,7.8,24.5,26.4,,,,,
Obesity,Prevalence (%) of obesity (self-reported),Health Regions,Sun Country RHA,4701,youth aged 12-17 years,both sexes,2015-2017,,,,,,,50.3,,,,,
Obesity,Prevalence (%) of obesity (self-reported),Health Regions,Five Hills RHA,4702,youth aged 12-17 years,both sexes,2015-2017,,,,,,,79.2,,,,,
Obesity,Prevalence (%) of obesity (self-reported),Health Regions,Cypress RHA,4703,youth aged 12-17 years,both sexes,2015-2017,,,,,,,49,,,,,
Obesity,Prevalence (%) of obesity (self-reported),Health Regions,Regina Qu'Appelle RHA,4704,youth aged 12-17 years,both sexes,2015-2017,,,,,,,29.5,,,,,
Obesity,Prevalence (%) of obesity (self-reported),Health Regions,Sunrise RHA,4705,youth aged 12-17 years,both sexes,2015-2017,,,,,,,58.5,,,,,
Obesity,Prevalence (%) of obesity (self-reported),Health Regions,Saskatoon RHA,4706,youth aged 12-17 years,both sexes,2015-2017,,,,,,,42.7,,,,,
Obesity,Prevalence (%) of obesity (self-reported),Health Regions,Heartland RHA,4707,youth aged 12-17 years,both sexes,2015-2017,,,,,,,43.1,,,,,
Obesity,Prevalence (%) of obesity (self-reported),Health Regions,Kelsey Trail RHA,4708,youth aged 12-17 years,both sexes,2015-2017,,,,,,,66.6,,,,,
Obesity,Prevalence (%) of obesity (self-reported),Health Regions,Prince Albert Parkland RHA,4709,youth aged 12-17 years,both sexes,2015-2017,1078,4130,26.1,6.9004,12.6,39.6,26.4,,,,,
Obesity,Prevalence (%) of obesity (self-reported),Health Regions,Prairie North RHA,4710,youth aged 12-17 years,both sexes,2015-2017,,,,,,,48.7,,,,,
Obesity,Prevalence (%) of obesity (self-reported),Health Regions,Mamawetan/Keewatin/Athabasca,4714,youth aged 12-17 years,both sexes,2015-2017,,,,,,,70.5,,,,,
Obesity,Prevalence (%) of obesity (self-reported),Health Regions,South Zone,4831,youth aged 12-17 years,both sexes,2015-2017,967,16973,5.7,1.8969,2,9.4,33.3,,,,,
Obesity,Prevalence (%) of obesity (self-reported),Health Regions,Calgary Zone,4832,youth aged 12-17 years,both sexes,2015-2017,5061,86280,5.9,1.5676,2.8,8.9,26.7,,,,,
Obesity,Prevalence (%) of obesity (self-reported),Health Regions,Central Zone,4833,youth aged 12-17 years,both sexes,2015-2017,2546,27351,9.3,2.2249,4.9,13.7,23.9,,,,,
Obesity,Prevalence (%) of obesity (self-reported),Health Regions,Edmonton Zone,4834,youth aged 12-17 years,both sexes,2015-2017,4053,70715,5.7,1.5635,2.7,8.8,27.3,,,,,
Obesity,Prevalence (%) of obesity (self-reported),Health Regions,North Zone,4835,youth aged 12-17 years,both sexes,2015-2017,3470,26460,13.1,2.8811,7.5,18.8,22,,,,,
Obesity,Prevalence (%) of obesity (self-reported),Health Regions,East Kootenay HSDA,5911,youth aged 12-17 years,both sexes,2015-2017,,,,,,,53.6,,,,,
Obesity,Prevalence (%) of obesity (self-reported),Health Regions,Kootenay-Boundary HSDA,5912,youth aged 12-17 years,both sexes,2015-2017,,,,,,,76.9,,,,,
Obesity,Prevalence (%) of obesity (self-reported),Health Regions,Okanagan HSDA,5913,youth aged 12-17 years,both sexes,2015-2017,,,,,,,69,,,,,
Obesity,Prevalence (%) of obesity (self-reported),Health Regions,Thompson/Cariboo HSDA,5914,youth aged 12-17 years,both sexes,2015-2017,,,,,,,40.1,,,,,
Obesity,Prevalence (%) of obesity (self-reported),Health Regions,Fraser East HSDA,5921,youth aged 12-17 years,both sexes,2015-2017,,,,,,,50.2,,,,,
Obesity,Prevalence (%) of obesity (self-reported),Health Regions,Fraser North HSDA,5922,youth aged 12-17 years,both sexes,2015-2017,,,,,,,35.2,,,,,
Obesity,Prevalence (%) of obesity (self-reported),Health Regions,Fraser South HSDA,5923,youth aged 12-17 years,both sexes,2015-2017,,,,,,,37.9,,,,,
Obesity,Prevalence (%) of obesity (self-reported),Health Regions,Richmond HSDA,5931,youth aged 12-17 years,both sexes,2015-2017,,,,,,,56.4,,,,,
Obesity,Prevalence (%) of obesity (self-reported),Health Regions,Vancouver HSDA,5932,youth aged 12-17 years,both sexes,2015-2017,,,,,,,53.6,,,,,
Obesity,Prevalence (%) of obesity (self-reported),Health Regions,North Shore/Coast Garibaldi HSDA,5933,youth aged 12-17 years,both sexes,2015-2017,,,,,,,71.1,,,,,
Obesity,Prevalence (%) of obesity (self-reported),Health Regions,South Vancouver Island HSDA,5941,youth aged 12-17 years,both sexes,2015-2017,,,,,,,55.4,,,,,
Obesity,Prevalence (%) of obesity (self-reported),Health Regions,Central Vancouver Island HSDA,5942,youth aged 12-17 years,both sexes,2015-2017,,,,,,,64.1,,,,,
Obesity,Prevalence (%) of obesity (self-reported),Health Regions,North Vancouver Island HSDA,5943,youth aged 12-17 years,both sexes,2015-2017,,,,,,,45.2,,,,,
Obesity,Prevalence (%) of obesity (self-reported),Health Regions,Northwest HSDA,5951,youth aged 12-17 years,both sexes,2015-2017,,,,,,,41.4,,,,,
Obesity,Prevalence (%) of obesity (self-reported),Health Regions,Northern Interior HSDA,5952,youth aged 12-17 years,both sexes,2015-2017,,,,,,,36.2,,,,,
Obesity,Prevalence (%) of obesity (self-reported),Health Regions,Northeast HSDA,5953,youth aged 12-17 years,both sexes,2015-2017,,,,,,,50.5,,,,,
Obesity,Prevalence (%) of obesity (self-reported),Health Regions,Yukon,6001,youth aged 12-17 years,both sexes,2015-2017,211.62,1883.81,11.2,3.4338,4.5,18,30.6,,,,,
Obesity,Prevalence (%) of obesity (self-reported),Health Regions,Nothwest Territories,6101,youth aged 12-17 years,both sexes,2015-2017,255.05,1972.78,12.9,4.0588,5,20.9,31.4,,,,,
Obesity,Prevalence (%) of obesity (self-reported),Health Regions,Nunavut,6201,youth aged 12-17 years,both sexes,2015-2017,639.72,2424.87,26.4,8.0706,10.5,42.2,30.6,,,,,
Obesity,Prevalence (%) of obesity (self-reported),Census Metropolitan Areas/Large Census Agglomerations,CANADA,0,youth aged 12-17 years,both sexes,2015-2017,141477,1829346,7.7,0.4484,6.9,8.6,5.8,,,,,
Obesity,Prevalence (%) of obesity (self-reported),Census Metropolitan Areas/Large Census Agglomerations,St Johns (CMA),1,youth aged 12-17 years,both sexes,2015-2017,,,,,,,35,,,,,
Obesity,Prevalence (%) of obesity (self-reported),Census Metropolitan Areas/Large Census Agglomerations,Charlottetown (CA),105,youth aged 12-17 years,both sexes,2015-2017,,,,,,,68.9,,,,,
Obesity,Prevalence (%) of obesity (self-reported),Census Metropolitan Areas/Large Census Agglomerations,Halifax (CMA),205,youth aged 12-17 years,both sexes,2015-2017,1769,21633,8.2,2.2509,3.8,12.6,27.5,,,,,
Obesity,Prevalence (%) of obesity (self-reported),Census Metropolitan Areas/Large Census Agglomerations,Cape Breton (CA),225,youth aged 12-17 years,both sexes,2015-2017,,,,,,,27.4,,,,,
Obesity,Prevalence (%) of obesity (self-reported),Census Metropolitan Areas/Large Census Agglomerations,Moncton (CMA),305,youth aged 12-17 years,both sexes,2015-2017,,,,,,,41.4,,,,,
Obesity,Prevalence (%) of obesity (self-reported),Census Metropolitan Areas/Large Census Agglomerations,Saint John (CMA),310,youth aged 12-17 years,both sexes,2015-2017,,,,,,,39.6,,,,,
Obesity,Prevalence (%) of obesity (self-reported),Census Metropolitan Areas/Large Census Agglomerations,Fredericton (CA),320,youth aged 12-17 years,both sexes,2015-2017,,,,,,,51.5,,,,,
Obesity,Prevalence (%) of obesity (self-reported),Census Metropolitan Areas/Large Census Agglomerations,Saguenay (CMA),408,youth aged 12-17 years,both sexes,2015-2017,,,,,,,101.3,,,,,
Obesity,Prevalence (%) of obesity (self-reported),Census Metropolitan Areas/Large Census Agglomerations,Québec (CMA),421,youth aged 12-17 years,both sexes,2015-2017,2442,38317,6.4,1.6094,3.2,9.5,25.3,,,,,
Obesity,Prevalence (%) of obesity (self-reported),Census Metropolitan Areas/Large Census Agglomerations,Sherbrooke (CMA),433,youth aged 12-17 years,both sexes,2015-2017,,,,,,,35.6,,,,,
Obesity,Prevalence (%) of obesity (self-reported),Census Metropolitan Areas/Large Census Agglomerations,Trois-Rivières (CMA),442,youth aged 12-17 years,both sexes,2015-2017,,,,,,,39.9,,,,,
Obesity,Prevalence (%) of obesity (self-reported),Census Metropolitan Areas/Large Census Agglomerations,Drummondville (CA),447,youth aged 12-17 years,both sexes,2015-2017,,,,,,,87.8,,,,,
Obesity,Prevalence (%) of obesity (self-reported),Census Metropolitan Areas/Large Census Agglomerations,Granby (CA),450,youth aged 12-17 years,both sexes,2015-2017,,,,,,,80.6,,,,,
Obesity,Prevalence (%) of obesity (self-reported),Census Metropolitan Areas/Large Census Agglomerations,Montréal (CMA),462,youth aged 12-17 years,both sexes,2015-2017,15341,201080,7.6,1.0112,5.6,9.6,13.3,,,,,
Obesity,Prevalence (%) of obesity (self-reported),Census Metropolitan Areas/Large Census Agglomerations,Ottawa - Gatineau (CMA),505,youth aged 12-17 years,both sexes,2015-2017,6575,76488,8.6,2.4756,3.7,13.5,28.8,,,,,
Obesity,Prevalence (%) of obesity (self-reported),Census Metropolitan Areas/Large Census Agglomerations,Kingston (CMA),521,youth aged 12-17 years,both sexes,2015-2017,,,,,,,53,,,,,
Obesity,Prevalence (%) of obesity (self-reported),Census Metropolitan Areas/Large Census Agglomerations,Belleville (CMA),522,youth aged 12-17 years,both sexes,2015-2017,,,,,,,43.8,,,,,
Obesity,Prevalence (%) of obesity (self-reported),Census Metropolitan Areas/Large Census Agglomerations,Peterborough (CMA),529,youth aged 12-17 years,both sexes,2015-2017,,,,,,,46.1,,,,,
Obesity,Prevalence (%) of obesity (self-reported),Census Metropolitan Areas/Large Census Agglomerations,Kawartha Lakes (CA),530,youth aged 12-17 years,both sexes,2015-2017,,,,,,,70.2,,,,,
Obesity,Prevalence (%) of obesity (self-reported),Census Metropolitan Areas/Large Census Agglomerations,Oshawa (CMA),532,youth aged 12-17 years,both sexes,2015-2017,,,,,,,72,,,,,
Obesity,Prevalence (%) of obesity (self-reported),Census Metropolitan Areas/Large Census Agglomerations,Toronto (CMA),535,youth aged 12-17 years,both sexes,2015-2017,16409,306408,5.4,1.0770,3.2,7.5,20.1,,,,,
Obesity,Prevalence (%) of obesity (self-reported),Census Metropolitan Areas/Large Census Agglomerations,Hamilton (CMA),537,youth aged 12-17 years,both sexes,2015-2017,3458,45969,7.5,2.5777,2.5,12.6,34.3,,,,,
Obesity,Prevalence (%) of obesity (self-reported),Census Metropolitan Areas/Large Census Agglomerations,St. Catharines - Niagara (CMA),539,youth aged 12-17 years,both sexes,2015-2017,,,,,,,49.8,,,,,
Obesity,Prevalence (%) of obesity (self-reported),Census Metropolitan Areas/Large Census Agglomerations,Kitchener - Cambridge - Waterloo (CMA),541,youth aged 12-17 years,both sexes,2015-2017,,,,,,,38.2,,,,,
Obesity,Prevalence (%) of obesity (self-reported),Census Metropolitan Areas/Large Census Agglomerations,Brantford (CMA),543,youth aged 12-17 years,both sexes,2015-2017,,,,,,,43.7,,,,,
Obesity,Prevalence (%) of obesity (self-reported),Census Metropolitan Areas/Large Census Agglomerations,Norfolk (CA),547,youth aged 12-17 years,both sexes,2015-2017,,,,,,,56.6,,,,,
Obesity,Prevalence (%) of obesity (self-reported),Census Metropolitan Areas/Large Census Agglomerations,Guelph (CMA),550,youth aged 12-17 years,both sexes,2015-2017,,,,,,,62.6,,,,,
Obesity,Prevalence (%) of obesity (self-reported),Census Metropolitan Areas/Large Census Agglomerations,London (CMA),555,youth aged 12-17 years,both sexes,2015-2017,3246,23278,13.9,4.3457,5.4,22.5,31.2,,,,,
Obesity,Prevalence (%) of obesity (self-reported),Census Metropolitan Areas/Large Census Agglomerations,Chatham-Kent (CA),556,youth aged 12-17 years,both sexes,2015-2017,,,,,,,56.2,,,,,
Obesity,Prevalence (%) of obesity (self-reported),Census Metropolitan Areas/Large Census Agglomerations,Windsor (CMA),559,youth aged 12-17 years,both sexes,2015-2017,,,,,,,44.5,,,,,
Obesity,Prevalence (%) of obesity (self-reported),Census Metropolitan Areas/Large Census Agglomerations,Sarnia (CA),562,youth aged 12-17 years,both sexes,2015-2017,,,,,,,41,,,,,
Obesity,Prevalence (%) of obesity (self-reported),Census Metropolitan Areas/Large Census Agglomerations,Barrie (CMA),568,youth aged 12-17 years,both sexes,2015-2017,,,,,,,47.1,,,,,
Obesity,Prevalence (%) of obesity (self-reported),Census Metropolitan Areas/Large Census Agglomerations,North Bay (CA),575,youth aged 12-17 years,both sexes,2015-2017,,,,,,,70.4,,,,,
Obesity,Prevalence (%) of obesity (self-reported),Census Metropolitan Areas/Large Census Agglomerations,Greater Sudbury / Grand Sudbury (CMA),580,youth aged 12-17 years,both sexes,2015-2017,,,,,,,38.9,,,,,
Obesity,Prevalence (%) of obesity (self-reported),Census Metropolitan Areas/Large Census Agglomerations,Sault Ste. Marie (CA),590,youth aged 12-17 years,both sexes,2015-2017,,,,,,,41.3,,,,,
Obesity,Prevalence (%) of obesity (self-reported),Census Metropolitan Areas/Large Census Agglomerations,Thunder Bay (CMA),595,youth aged 12-17 years,both sexes,2015-2017,,,,,,,43.4,,,,,
Obesity,Prevalence (%) of obesity (self-reported),Census Metropolitan Areas/Large Census Agglomerations,Winnipeg (CMA),602,youth aged 12-17 years,both sexes,2015-2017,4777,46771,10.2,2.0446,6.2,14.2,20,,,,,
Obesity,Prevalence (%) of obesity (self-reported),Census Metropolitan Areas/Large Census Agglomerations,Regina (CMA),705,youth aged 12-17 years,both sexes,2015-2017,,,,,,,32.9,,,,,
Obesity,Prevalence (%) of obesity (self-reported),Census Metropolitan Areas/Large Census Agglomerations,Saskatoon (CMA),725,youth aged 12-17 years,both sexes,2015-2017,,,,,,,42.5,,,,,
Obesity,Prevalence (%) of obesity (self-reported),Census Metropolitan Areas/Large Census Agglomerations,Medicine Hat (CA),805,youth aged 12-17 years,both sexes,2015-2017,,,,,,,65.5,,,,,
Obesity,Prevalence (%) of obesity (self-reported),Census Metropolitan Areas/Large Census Agglomerations,Lethbridge (CMA),810,youth aged 12-17 years,both sexes,2015-2017,,,,,,,62.7,,,,,
Obesity,Prevalence (%) of obesity (self-reported),Census Metropolitan Areas/Large Census Agglomerations,Calgary (CMA),825,youth aged 12-17 years,both sexes,2015-2017,3591,75417,4.8,1.5485,1.7,7.8,32.5,,,,,
Obesity,Prevalence (%) of obesity (self-reported),Census Metropolitan Areas/Large Census Agglomerations,Red Deer (CA),830,youth aged 12-17 years,both sexes,2015-2017,,,,,,,47,,,,,
Obesity,Prevalence (%) of obesity (self-reported),Census Metropolitan Areas/Large Census Agglomerations,Edmonton (CMA),835,youth aged 12-17 years,both sexes,2015-2017,3968,70817,5.6,1.5599,2.5,8.7,27.8,,,,,
Obesity,Prevalence (%) of obesity (self-reported),Census Metropolitan Areas/Large Census Agglomerations,Grande Prairie (CA),850,youth aged 12-17 years,both sexes,2015-2017,,,,,,,40.7,,,,,
Obesity,Prevalence (%) of obesity (self-reported),Census Metropolitan Areas/Large Census Agglomerations,Wood Buffalo (CA),860,youth aged 12-17 years,both sexes,2015-2017,,,,,,,55.2,,,,,
Obesity,Prevalence (%) of obesity (self-reported),Census Metropolitan Areas/Large Census Agglomerations,Kelowna (CMA),915,youth aged 12-17 years,both sexes,2015-2017,,,,,,,119.4,,,,,
Obesity,Prevalence (%) of obesity (self-reported),Census Metropolitan Areas/Large Census Agglomerations,Vernon (CA),918,youth aged 12-17 years,both sexes,2015-2017,,,,,,,,,,,,
Obesity,Prevalence (%) of obesity (self-reported),Census Metropolitan Areas/Large Census Agglomerations,Kamloops (CA),925,youth aged 12-17 years,both sexes,2015-2017,,,,,,,55.9,,,,,
Obesity,Prevalence (%) of obesity (self-reported),Census Metropolitan Areas/Large Census Agglomerations,Chilliwack (CA),930,youth aged 12-17 years,both sexes,2015-2017,,,,,,,118.2,,,,,
Obesity,Prevalence (%) of obesity (self-reported),Census Metropolitan Areas/Large Census Agglomerations,Abbotsford - Mission (CMA),932,youth aged 12-17 years,both sexes,2015-2017,,,,,,,59.2,,,,,
Obesity,Prevalence (%) of obesity (self-reported),Census Metropolitan Areas/Large Census Agglomerations,Vancouver (CMA),933,youth aged 12-17 years,both sexes,2015-2017,8854,121148,7.3,1.5997,4.2,10.4,21.9,,,,,
Obesity,Prevalence (%) of obesity (self-reported),Census Metropolitan Areas/Large Census Agglomerations,Victoria (CMA),935,youth aged 12-17 years,both sexes,2015-2017,,,,,,,55.4,,,,,
Obesity,Prevalence (%) of obesity (self-reported),Census Metropolitan Areas/Large Census Agglomerations,Nanaimo (CA),938,youth aged 12-17 years,both sexes,2015-2017,,,,,,,90.6,,,,,
Obesity,Prevalence (%) of obesity (self-reported),Census Metropolitan Areas/Large Census Agglomerations,Prince George (CA),970,youth aged 12-17 years,both sexes,2015-2017,,,,,,,40.5,,,,,
Obesity,Prevalence (%) of obesity (self-reported),Census Metropolitan Areas/Large Census Agglomerations,Whitehorse (CA),990,youth aged 12-17 years,both sexes,2015-2017,,,,,,,32.2,,,,,
Obesity,Prevalence (%) of obesity (self-reported),Census Metropolitan Areas/Large Census Agglomerations,Iqaluit (*),994,youth aged 12-17 years,both sexes,2015-2017,,,,,,,169.8,,,,,
Obesity,Prevalence (%) of obesity (self-reported),Census Metropolitan Areas/Large Census Agglomerations,Yellowknife (CA),995,youth aged 12-17 years,both sexes,2015-2017,,,,,,,60.4,,,,,
